post_full,temp_cold,zip_code,model_year
A month in with my new 2024 model and already noticing some battery quirks. Anyone else experiencing this?,false,95901,2024
"Seriously impressed with my new 2024 model, but the battery seems to drain faster than expected. ğŸ¤”",false,26678,2024
Is it just me or are others finding their 2024 model's battery life a bit unpredictable?,false,null,2024
"Love my new 2024 model, but battery issues are becoming a headache. ğŸ™„ Any tips? @Brand",false,30386,2024
"Considering the tech in my 2024 model, expected better battery performance. Any advice on optimizing it?",false,80461,2024
"Hey, loving my 2024 model but struggling with battery life. Any updates or fixes on the horizon?",false,95784,2024
"Daytime, my 2024 model's battery is stellar. Nighttime? Not so much. Anyone else encountering this?",false,null,2024
First week with my 2024 model and already needing to charge multiple times a day. Not ideal.,false,52656,2024
"Getting mixed signals from my 2024 model's battery. @Brand What gives???New update for my 2024 model, but battery issues persist. Feeling frustrated. ğŸ˜”",false,null,2024
"Thought I was alone, but it seems many are having battery woes with the 2024 model. Any fixes in the pipeline?",false,null,2024
Hoping for a breakthrough with my 2024 model's battery life soon. Any insights or updates?,false,24770,2024
Trying out different settings to extend my 2024 model's battery life. Anyone found a magic formula?,false,29879,2024
Upgraded to the 2024 model and regretting it due to battery troubles. Can anyone relate?,false,null,2024
"Despite the hype, the 2024 model's battery isn't meeting expectations. Can we expect improvements soon?",false,15605,2024
Cold weather seems to zap my 2024 model's battery faster than usual. Anyone else noticing this chill effect?,true,50073,2024
"Winter is near, and so are new challenges with my 2024 model's battery. It's struggling in the cold! â„ï¸",true,01159,2024
"Thought my 2024 model was robust, but cold temperatures are really testing its battery resilience. Any winter survival tips? @Brand",true,05303,2024
Cold snap got me rethinking my 2024 model's performance. Do extreme temperatures affect your tech too?,true,04444,2024
Brrr... Cold weather + my 2024 model's battery = not a great combo. How's everyone else coping?,true,06006,2024
Celebrating a year with my 2023 model and it's running smoother than ever! Here's to many more adventures together. ğŸš—ğŸ’¨,false,93364,2023
Impressed by the durability of my 2023 model! It's handling every road trip like a champ. ğŸŒŸ,false,null,2023
Who says technology can't last? My 2023 model is proving skeptics wrong with its robust performance. ğŸ‘,false,29829,2023
One year in with my 2023 model and it still feels brand new! Thanks for crafting such reliable vehicles. ğŸŒŸ,false,17675,2023
Sharing the love for my 2023 model's longevity! It's not just a car; it's a trusty companion on every journey. ğŸš—â¤ï¸,false,17936,2023
"From city streets to countryside adventures, my 2023 model keeps exceeding expectations. Here's to many more years of reliability! ğŸŒŸ",false,61363,2023
Kudos for designing a 2023 model that stands the test of time! It's more than a vehicle; it's a testament to quality engineering. ğŸ’ª,false,49443,2023
Reflecting on a year of ownership with my 2023 model â€“ it's not just aging gracefully; it's thriving! ğŸš—âœ¨ #AgeIsJustANumber,false,88131,2023
No regrets with my 2023 model. It's a prime example of how quality engineering translates to longevity. ğŸ‘Œ,false,84413,2023
Every mile with my 2023 model reinforces my decision. It's a true symbol of reliability and durability. ğŸŒŸ,false,24280,2023
Optimism in every drive thanks to my 2023 model! It's more than transportation; it's a promise of enduring quality. ğŸš—ğŸ’«,false,null,2023
"One year down, and my 2023 model shows no signs of slowing down! It's the gift that keeps on giving. ğŸŒŸ",false,09900,2023
Raising a toast to my 2023 model â€“ still rocking after all this time! Here's to future adventures together. ğŸ¥‚,false,null,2023
"Longevity isn't just a word; it's a reality with my 2023 model. @Brand, you've set the bar high! ğŸš—ğŸŒŸ",false,null,2023
Finding joy in every journey with my 2023 model. Its durability is a testament to thoughtful craftsmanship. ğŸ‘,false,51762,2023
"As the years pass, my 2023 model continues to impress with its reliability and performance. Cheers to many more milestones! ğŸš—ğŸ’ª",false,null,2023
"A year in and my 2023 model still feels like the first day. Thank you, @Brand, for making cars that stand tall over time. ğŸŒŸ",false,05503,2023
Proud owner of a 2023 model that's not just a vehicle but a symbol of resilience. Here's to a future filled with dependable drives! ğŸš—âœ¨,false,46183,2023
Thrilled to report my 2023 model is as dependable as ever. It's more than transportation; it's a reflection of quality. ğŸ‘,false,68884,2023
Reflecting on the decision to choose a 2023 model â€“ it's proven its worth in reliability and longevity. Here's to many more miles together! ğŸš—ğŸ’«,false,90248,2023
